,allele,ic50,name,peptide,pos,rank
10,HLA-A01:01,5433.76,QIU80544,ALRLCAYCCNI,10,1.0
1,HLA-A01:01,5436.95,QIU80544,LLVTLAILTAL,1,2.0
8,HLA-A01:01,5439.37,QIU80544,LTALRLCAYCC,8,3.0
9,HLA-A01:01,5440.22,QIU80544,TALRLCAYCCN,9,4.0
3,HLA-A01:01,5442.08,QIU80544,VTLAILTALRL,3,5.0
2,HLA-A01:01,5444.26,QIU80544,LVTLAILTALR,2,6.0
7,HLA-A01:01,5446.14,QIU80544,ILTALRLCAYC,7,7.0
5,HLA-A01:01,5447.43,QIU80544,LAILTALRLCA,5,8.0
0,HLA-A01:01,5450.45,QIU80544,FLLVTLAILTA,0,9.0
4,HLA-A01:01,5454.34,QIU80544,TLAILTALRLC,4,10.0
6,HLA-A01:01,5455.65,QIU80544,AILTALRLCAY,6,11.0
0,HLA-A26:01,2289.84,QIU80544,FLLVTLAILTA,0,1.0
1,HLA-A26:01,4952.25,QIU80544,LLVTLAILTAL,1,2.0
7,HLA-A26:01,6148.33,QIU80544,ILTALRLCAYC,7,3.0
4,HLA-A26:01,7742.93,QIU80544,TLAILTALRLC,4,4.0
3,HLA-A26:01,8058.47,QIU80544,VTLAILTALRL,3,5.0
2,HLA-A26:01,8208.95,QIU80544,LVTLAILTALR,2,6.0
6,HLA-A26:01,8278.89,QIU80544,AILTALRLCAY,6,7.0
5,HLA-A26:01,8812.97,QIU80544,LAILTALRLCA,5,8.0
8,HLA-A26:01,9315.96,QIU80544,LTALRLCAYCC,8,9.0
10,HLA-A26:01,10222.13,QIU80544,ALRLCAYCCNI,10,10.0
9,HLA-A26:01,12155.43,QIU80544,TALRLCAYCCN,9,11.0
3,HLA-A32:01 ,3684.41,QIU80544,VTLAILTALRL,3,1.0
0,HLA-A32:01 ,11568.95,QIU80544,FLLVTLAILTA,0,2.0
8,HLA-A32:01 ,11707.11,QIU80544,LTALRLCAYCC,8,3.0
6,HLA-A32:01 ,11846.62,QIU80544,AILTALRLCAY,6,4.0
1,HLA-A32:01 ,12346.78,QIU80544,LLVTLAILTAL,1,5.0
4,HLA-A32:01 ,14111.4,QIU80544,TLAILTALRLC,4,6.0
7,HLA-A32:01 ,14216.04,QIU80544,ILTALRLCAYC,7,7.0
10,HLA-A32:01 ,19325.19,QIU80544,ALRLCAYCCNI,10,8.0
2,HLA-A32:01 ,25614.19,QIU80544,LVTLAILTALR,2,9.0
5,HLA-A32:01 ,25852.01,QIU80544,LAILTALRLCA,5,10.0
9,HLA-A32:01 ,39393.28,QIU80544,TALRLCAYCCN,9,11.0
0,HLA-A02:01,5273.61,QIU80544,FLLVTLAILTA,0,1.0
1,HLA-A02:01,5337.26,QIU80544,LLVTLAILTAL,1,2.0
3,HLA-A02:01,5510.89,QIU80544,VTLAILTALRL,3,3.0
2,HLA-A02:01,5549.69,QIU80544,LVTLAILTALR,2,4.0
5,HLA-A02:01,5580.23,QIU80544,LAILTALRLCA,5,5.0
9,HLA-A02:01,5581.15,QIU80544,TALRLCAYCCN,9,6.0
8,HLA-A02:01,5601.79,QIU80544,LTALRLCAYCC,8,7.0
10,HLA-A02:01,5622.51,QIU80544,ALRLCAYCCNI,10,8.0
6,HLA-A02:01,5623.3,QIU80544,AILTALRLCAY,6,9.0
4,HLA-A02:01,5640.63,QIU80544,TLAILTALRLC,4,10.0
7,HLA-A02:01,5659.59,QIU80544,ILTALRLCAYC,7,11.0
0,HLA-A02:03 ,5273.61,QIU80544,FLLVTLAILTA,0,1.0
1,HLA-A02:03 ,5337.26,QIU80544,LLVTLAILTAL,1,2.0
3,HLA-A02:03 ,5510.89,QIU80544,VTLAILTALRL,3,3.0
2,HLA-A02:03 ,5549.69,QIU80544,LVTLAILTALR,2,4.0
5,HLA-A02:03 ,5580.23,QIU80544,LAILTALRLCA,5,5.0
9,HLA-A02:03 ,5581.15,QIU80544,TALRLCAYCCN,9,6.0
8,HLA-A02:03 ,5601.79,QIU80544,LTALRLCAYCC,8,7.0
10,HLA-A02:03 ,5622.51,QIU80544,ALRLCAYCCNI,10,8.0
6,HLA-A02:03 ,5623.3,QIU80544,AILTALRLCAY,6,9.0
4,HLA-A02:03 ,5640.63,QIU80544,TLAILTALRLC,4,10.0
7,HLA-A02:03 ,5659.59,QIU80544,ILTALRLCAYC,7,11.0
0,HLA-A02:06,42.16,QIU80544,FLLVTLAILTA,0,1.0
3,HLA-A02:06,355.17,QIU80544,VTLAILTALRL,3,2.0
1,HLA-A02:06,528.37,QIU80544,LLVTLAILTAL,1,3.0
8,HLA-A02:06,1218.26,QIU80544,LTALRLCAYCC,8,4.0
5,HLA-A02:06,1393.95,QIU80544,LAILTALRLCA,5,5.0
7,HLA-A02:06,2542.87,QIU80544,ILTALRLCAYC,7,6.0
10,HLA-A02:06,7880.91,QIU80544,ALRLCAYCCNI,10,7.0
4,HLA-A02:06,8848.12,QIU80544,TLAILTALRLC,4,8.0
2,HLA-A02:06,14143.88,QIU80544,LVTLAILTALR,2,9.0
6,HLA-A02:06,15303.66,QIU80544,AILTALRLCAY,6,10.0
9,HLA-A02:06,23918.72,QIU80544,TALRLCAYCCN,9,11.0
3,HLA-A68:02,5296.33,QIU80544,VTLAILTALRL,3,1.0
2,HLA-A68:02,5538.35,QIU80544,LVTLAILTALR,2,2.0
1,HLA-A68:02,5578.72,QIU80544,LLVTLAILTAL,1,3.0
4,HLA-A68:02,5612.68,QIU80544,TLAILTALRLC,4,4.0
8,HLA-A68:02,5675.67,QIU80544,LTALRLCAYCC,8,5.0
0,HLA-A68:02,5721.62,QIU80544,FLLVTLAILTA,0,6.0
10,HLA-A68:02,5742.82,QIU80544,ALRLCAYCCNI,10,7.0
5,HLA-A68:02,5747.84,QIU80544,LAILTALRLCA,5,8.0
7,HLA-A68:02,5760.69,QIU80544,ILTALRLCAYC,7,9.0
9,HLA-A68:02,5814.7,QIU80544,TALRLCAYCCN,9,10.0
6,HLA-A68:02,5817.6,QIU80544,AILTALRLCAY,6,11.0
10,HLA-A23:01,13467.07,QIU80544,ALRLCAYCCNI,10,1.0
1,HLA-A23:01,19597.67,QIU80544,LLVTLAILTAL,1,2.0
0,HLA-A23:01,24875.17,QIU80544,FLLVTLAILTA,0,3.0
3,HLA-A23:01,26634.6,QIU80544,VTLAILTALRL,3,4.0
7,HLA-A23:01,35280.29,QIU80544,ILTALRLCAYC,7,5.0
8,HLA-A23:01,35538.5,QIU80544,LTALRLCAYCC,8,6.0
5,HLA-A23:01,35628.33,QIU80544,LAILTALRLCA,5,7.0
4,HLA-A23:01,36846.05,QIU80544,TLAILTALRLC,4,8.0
6,HLA-A23:01,37651.12,QIU80544,AILTALRLCAY,6,9.0
9,HLA-A23:01,38228.83,QIU80544,TALRLCAYCCN,9,10.0
2,HLA-A23:01,39564.02,QIU80544,LVTLAILTALR,2,11.0
3,HLA-A24:02,5346.56,QIU80544,VTLAILTALRL,3,1.0
6,HLA-A24:02,5382.0,QIU80544,AILTALRLCAY,6,2.0
1,HLA-A24:02,5382.44,QIU80544,LLVTLAILTAL,1,3.0
2,HLA-A24:02,5409.94,QIU80544,LVTLAILTALR,2,4.0
10,HLA-A24:02,5410.64,QIU80544,ALRLCAYCCNI,10,5.0
4,HLA-A24:02,5417.44,QIU80544,TLAILTALRLC,4,6.0
0,HLA-A24:02,5423.28,QIU80544,FLLVTLAILTA,0,7.0
9,HLA-A24:02,5423.42,QIU80544,TALRLCAYCCN,9,8.0
7,HLA-A24:02,5437.13,QIU80544,ILTALRLCAYC,7,9.0
5,HLA-A24:02,5440.24,QIU80544,LAILTALRLCA,5,10.0
8,HLA-A24:02,5461.79,QIU80544,LTALRLCAYCC,8,11.0
3,HLA-A03:01,4346.21,QIU80544,VTLAILTALRL,3,1.0
1,HLA-A03:01,5489.8,QIU80544,LLVTLAILTAL,1,2.0
2,HLA-A03:01,5502.38,QIU80544,LVTLAILTALR,2,3.0
4,HLA-A03:01,5594.41,QIU80544,TLAILTALRLC,4,4.0
0,HLA-A03:01,5608.52,QIU80544,FLLVTLAILTA,0,5.0
8,HLA-A03:01,5614.13,QIU80544,LTALRLCAYCC,8,6.0
5,HLA-A03:01,5619.74,QIU80544,LAILTALRLCA,5,7.0
9,HLA-A03:01,5630.7,QIU80544,TALRLCAYCCN,9,8.0
6,HLA-A03:01,5640.83,QIU80544,AILTALRLCAY,6,9.0
7,HLA-A03:01,5647.67,QIU80544,ILTALRLCAYC,7,10.0
10,HLA-A03:01,5668.96,QIU80544,ALRLCAYCCNI,10,11.0
6,HLA-A11:01,317.65,QIU80544,AILTALRLCAY,6,1.0
2,HLA-A11:01,1656.52,QIU80544,LVTLAILTALR,2,2.0
3,HLA-A11:01,7703.31,QIU80544,VTLAILTALRL,3,3.0
5,HLA-A11:01,13880.47,QIU80544,LAILTALRLCA,5,4.0
9,HLA-A11:01,14828.15,QIU80544,TALRLCAYCCN,9,5.0
0,HLA-A11:01,20853.32,QIU80544,FLLVTLAILTA,0,6.0
10,HLA-A11:01,22566.88,QIU80544,ALRLCAYCCNI,10,7.0
7,HLA-A11:01,24551.39,QIU80544,ILTALRLCAYC,7,8.0
8,HLA-A11:01,24634.74,QIU80544,LTALRLCAYCC,8,9.0
1,HLA-A11:01,31132.21,QIU80544,LLVTLAILTAL,1,10.0
4,HLA-A11:01,31476.45,QIU80544,TLAILTALRLC,4,11.0
10,HLA-A30:01,200.51,QIU80544,ALRLCAYCCNI,10,1.0
3,HLA-A30:01,3736.43,QIU80544,VTLAILTALRL,3,2.0
0,HLA-A30:01,5554.31,QIU80544,FLLVTLAILTA,0,3.0
5,HLA-A30:01,9584.46,QIU80544,LAILTALRLCA,5,4.0
2,HLA-A30:01,10591.08,QIU80544,LVTLAILTALR,2,5.0
8,HLA-A30:01,11515.29,QIU80544,LTALRLCAYCC,8,6.0
6,HLA-A30:01,12112.42,QIU80544,AILTALRLCAY,6,7.0
7,HLA-A30:01,15175.66,QIU80544,ILTALRLCAYC,7,8.0
4,HLA-A30:01,18768.56,QIU80544,TLAILTALRLC,4,9.0
9,HLA-A30:01,19133.02,QIU80544,TALRLCAYCCN,9,10.0
1,HLA-A30:01,19321.66,QIU80544,LLVTLAILTAL,1,11.0
3,HLA-A31:01 ,3771.24,QIU80544,VTLAILTALRL,3,1.0
2,HLA-A31:01 ,5368.75,QIU80544,LVTLAILTALR,2,2.0
6,HLA-A31:01 ,5677.43,QIU80544,AILTALRLCAY,6,3.0
7,HLA-A31:01 ,5717.59,QIU80544,ILTALRLCAYC,7,4.0
0,HLA-A31:01 ,5721.01,QIU80544,FLLVTLAILTA,0,5.0
8,HLA-A31:01 ,5738.91,QIU80544,LTALRLCAYCC,8,6.0
10,HLA-A31:01 ,5745.73,QIU80544,ALRLCAYCCNI,10,7.0
1,HLA-A31:01 ,5753.42,QIU80544,LLVTLAILTAL,1,8.0
9,HLA-A31:01 ,5755.01,QIU80544,TALRLCAYCCN,9,9.0
4,HLA-A31:01 ,5792.51,QIU80544,TLAILTALRLC,4,10.0
5,HLA-A31:01 ,5822.75,QIU80544,LAILTALRLCA,5,11.0
2,HLA-A33:01 ,541.55,QIU80544,LVTLAILTALR,2,1.0
7,HLA-A33:01 ,6726.76,QIU80544,ILTALRLCAYC,7,2.0
9,HLA-A33:01 ,7187.23,QIU80544,TALRLCAYCCN,9,3.0
8,HLA-A33:01 ,10644.95,QIU80544,LTALRLCAYCC,8,4.0
3,HLA-A33:01 ,11860.4,QIU80544,VTLAILTALRL,3,5.0
1,HLA-A33:01 ,18745.06,QIU80544,LLVTLAILTAL,1,6.0
0,HLA-A33:01 ,19542.7,QIU80544,FLLVTLAILTA,0,7.0
6,HLA-A33:01 ,20092.07,QIU80544,AILTALRLCAY,6,8.0
5,HLA-A33:01 ,21537.19,QIU80544,LAILTALRLCA,5,9.0
4,HLA-A33:01 ,22301.42,QIU80544,TLAILTALRLC,4,10.0
10,HLA-A33:01 ,29909.95,QIU80544,ALRLCAYCCNI,10,11.0
3,HLA-A68:01 ,5296.33,QIU80544,VTLAILTALRL,3,1.0
2,HLA-A68:01 ,5538.35,QIU80544,LVTLAILTALR,2,2.0
1,HLA-A68:01 ,5578.72,QIU80544,LLVTLAILTAL,1,3.0
4,HLA-A68:01 ,5612.68,QIU80544,TLAILTALRLC,4,4.0
8,HLA-A68:01 ,5675.67,QIU80544,LTALRLCAYCC,8,5.0
0,HLA-A68:01 ,5721.62,QIU80544,FLLVTLAILTA,0,6.0
10,HLA-A68:01 ,5742.82,QIU80544,ALRLCAYCCNI,10,7.0
5,HLA-A68:01 ,5747.84,QIU80544,LAILTALRLCA,5,8.0
7,HLA-A68:01 ,5760.69,QIU80544,ILTALRLCAYC,7,9.0
9,HLA-A68:01 ,5814.7,QIU80544,TALRLCAYCCN,9,10.0
6,HLA-A68:01 ,5817.6,QIU80544,AILTALRLCAY,6,11.0
1,HLA-B40:01 ,31404.15,QIU80544,LLVTLAILTAL,1,1.0
3,HLA-B40:01 ,31555.58,QIU80544,VTLAILTALRL,3,2.0
4,HLA-B40:01 ,36910.17,QIU80544,TLAILTALRLC,4,3.0
8,HLA-B40:01 ,37325.29,QIU80544,LTALRLCAYCC,8,4.0
10,HLA-B40:01 ,37493.94,QIU80544,ALRLCAYCCNI,10,5.0
7,HLA-B40:01 ,37648.1,QIU80544,ILTALRLCAYC,7,6.0
2,HLA-B40:01 ,37673.61,QIU80544,LVTLAILTALR,2,7.0
9,HLA-B40:01 ,38303.94,QIU80544,TALRLCAYCCN,9,8.0
5,HLA-B40:01 ,38449.69,QIU80544,LAILTALRLCA,5,9.0
0,HLA-B40:01 ,38598.15,QIU80544,FLLVTLAILTA,0,10.0
6,HLA-B40:01 ,39956.6,QIU80544,AILTALRLCAY,6,11.0
1,HLA-B44:02 ,4964.31,QIU80544,LLVTLAILTAL,1,1.0
3,HLA-B44:02 ,4966.3,QIU80544,VTLAILTALRL,3,2.0
10,HLA-B44:02 ,4970.38,QIU80544,ALRLCAYCCNI,10,3.0
0,HLA-B44:02 ,4975.5,QIU80544,FLLVTLAILTA,0,4.0
2,HLA-B44:02 ,4977.34,QIU80544,LVTLAILTALR,2,5.0
5,HLA-B44:02 ,4980.06,QIU80544,LAILTALRLCA,5,6.0
6,HLA-B44:02 ,4980.77,QIU80544,AILTALRLCAY,6,7.0
4,HLA-B44:02 ,4983.03,QIU80544,TLAILTALRLC,4,8.0
7,HLA-B44:02 ,4983.64,QIU80544,ILTALRLCAYC,7,9.0
8,HLA-B44:02 ,4984.7,QIU80544,LTALRLCAYCC,8,10.0
9,HLA-B44:02 ,4991.22,QIU80544,TALRLCAYCCN,9,11.0
0,HLA-B44:03,6032.94,QIU80544,FLLVTLAILTA,0,1.0
6,HLA-B44:03,6049.3,QIU80544,AILTALRLCAY,6,2.0
3,HLA-B44:03,6068.43,QIU80544,VTLAILTALRL,3,3.0
5,HLA-B44:03,6069.32,QIU80544,LAILTALRLCA,5,4.0
2,HLA-B44:03,6076.47,QIU80544,LVTLAILTALR,2,5.0
10,HLA-B44:03,6084.38,QIU80544,ALRLCAYCCNI,10,6.0
1,HLA-B44:03,6084.63,QIU80544,LLVTLAILTAL,1,7.0
4,HLA-B44:03,6107.93,QIU80544,TLAILTALRLC,4,8.0
7,HLA-B44:03,6110.05,QIU80544,ILTALRLCAYC,7,9.0
9,HLA-B44:03,6126.04,QIU80544,TALRLCAYCCN,9,10.0
8,HLA-B44:03,6147.2,QIU80544,LTALRLCAYCC,8,11.0
3,HLA-B57:01,4385.26,QIU80544,VTLAILTALRL,3,1.0
2,HLA-B57:01,5620.6,QIU80544,LVTLAILTALR,2,2.0
0,HLA-B57:01,5933.34,QIU80544,FLLVTLAILTA,0,3.0
6,HLA-B57:01,5934.19,QIU80544,AILTALRLCAY,6,4.0
1,HLA-B57:01,5988.85,QIU80544,LLVTLAILTAL,1,5.0
8,HLA-B57:01,6012.45,QIU80544,LTALRLCAYCC,8,6.0
5,HLA-B57:01,6018.28,QIU80544,LAILTALRLCA,5,7.0
4,HLA-B57:01,6042.39,QIU80544,TLAILTALRLC,4,8.0
10,HLA-B57:01,6057.61,QIU80544,ALRLCAYCCNI,10,9.0
9,HLA-B57:01,6069.97,QIU80544,TALRLCAYCCN,9,10.0
7,HLA-B57:01,6075.25,QIU80544,ILTALRLCAYC,7,11.0
3,HLA-B58:01,1182.25,QIU80544,VTLAILTALRL,3,1.0
8,HLA-B58:01,2177.9,QIU80544,LTALRLCAYCC,8,2.0
9,HLA-B58:01,6490.32,QIU80544,TALRLCAYCCN,9,3.0
7,HLA-B58:01,8615.8,QIU80544,ILTALRLCAYC,7,4.0
5,HLA-B58:01,9330.61,QIU80544,LAILTALRLCA,5,5.0
6,HLA-B58:01,15723.87,QIU80544,AILTALRLCAY,6,6.0
0,HLA-B58:01,23225.6,QIU80544,FLLVTLAILTA,0,7.0
4,HLA-B58:01,24733.35,QIU80544,TLAILTALRLC,4,8.0
2,HLA-B58:01,28670.62,QIU80544,LVTLAILTALR,2,9.0
1,HLA-B58:01,30179.81,QIU80544,LLVTLAILTAL,1,10.0
10,HLA-B58:01,30743.51,QIU80544,ALRLCAYCCNI,10,11.0
6,HLA-B15:01,42.09,QIU80544,AILTALRLCAY,6,1.0
0,HLA-B15:01,561.99,QIU80544,FLLVTLAILTA,0,2.0
1,HLA-B15:01,720.2,QIU80544,LLVTLAILTAL,1,3.0
5,HLA-B15:01,9748.17,QIU80544,LAILTALRLCA,5,4.0
10,HLA-B15:01,9854.63,QIU80544,ALRLCAYCCNI,10,5.0
7,HLA-B15:01,11805.39,QIU80544,ILTALRLCAYC,7,6.0
2,HLA-B15:01,19170.56,QIU80544,LVTLAILTALR,2,7.0
3,HLA-B15:01,20131.87,QIU80544,VTLAILTALRL,3,8.0
4,HLA-B15:01,21641.75,QIU80544,TLAILTALRLC,4,9.0
8,HLA-B15:01,22827.88,QIU80544,LTALRLCAYCC,8,10.0
9,HLA-B15:01,25562.31,QIU80544,TALRLCAYCCN,9,11.0
1,HLA-B07:02,2975.15,QIU80544,LLVTLAILTAL,1,1.0
5,HLA-B07:02,8764.47,QIU80544,LAILTALRLCA,5,2.0
3,HLA-B07:02,10885.84,QIU80544,VTLAILTALRL,3,3.0
7,HLA-B07:02,14616.02,QIU80544,ILTALRLCAYC,7,4.0
8,HLA-B07:02,15729.17,QIU80544,LTALRLCAYCC,8,5.0
10,HLA-B07:02,16626.99,QIU80544,ALRLCAYCCNI,10,6.0
0,HLA-B07:02,17134.37,QIU80544,FLLVTLAILTA,0,7.0
2,HLA-B07:02,17631.59,QIU80544,LVTLAILTALR,2,8.0
6,HLA-B07:02,25987.46,QIU80544,AILTALRLCAY,6,9.0
4,HLA-B07:02,27413.17,QIU80544,TLAILTALRLC,4,10.0
9,HLA-B07:02,31059.61,QIU80544,TALRLCAYCCN,9,11.0
6,HLA-B35:01,4999.71,QIU80544,AILTALRLCAY,6,1.0
5,HLA-B35:01,5883.83,QIU80544,LAILTALRLCA,5,2.0
9,HLA-B35:01,6108.31,QIU80544,TALRLCAYCCN,9,3.0
2,HLA-B35:01,6173.07,QIU80544,LVTLAILTALR,2,4.0
0,HLA-B35:01,6244.19,QIU80544,FLLVTLAILTA,0,5.0
3,HLA-B35:01,6248.97,QIU80544,VTLAILTALRL,3,6.0
1,HLA-B35:01,6456.58,QIU80544,LLVTLAILTAL,1,7.0
8,HLA-B35:01,6480.51,QIU80544,LTALRLCAYCC,8,8.0
7,HLA-B35:01,6591.03,QIU80544,ILTALRLCAYC,7,9.0
4,HLA-B35:01,6604.45,QIU80544,TLAILTALRLC,4,10.0
10,HLA-B35:01,6679.41,QIU80544,ALRLCAYCCNI,10,11.0
2,HLA-B51:01,5689.1,QIU80544,LVTLAILTALR,2,1.0
10,HLA-B51:01,5736.48,QIU80544,ALRLCAYCCNI,10,2.0
4,HLA-B51:01,5798.51,QIU80544,TLAILTALRLC,4,3.0
6,HLA-B51:01,5799.24,QIU80544,AILTALRLCAY,6,4.0
8,HLA-B51:01,5802.35,QIU80544,LTALRLCAYCC,8,5.0
7,HLA-B51:01,5802.7,QIU80544,ILTALRLCAYC,7,6.0
9,HLA-B51:01,5808.18,QIU80544,TALRLCAYCCN,9,7.0
3,HLA-B51:01,5809.4,QIU80544,VTLAILTALRL,3,8.0
1,HLA-B51:01,5830.19,QIU80544,LLVTLAILTAL,1,9.0
5,HLA-B51:01,5859.4,QIU80544,LAILTALRLCA,5,10.0
0,HLA-B51:01,5864.72,QIU80544,FLLVTLAILTA,0,11.0
5,HLA-B53:01,19888.86,QIU80544,LAILTALRLCA,5,1.0
6,HLA-B53:01,20020.58,QIU80544,AILTALRLCAY,6,2.0
1,HLA-B53:01,21071.02,QIU80544,LLVTLAILTAL,1,3.0
0,HLA-B53:01,25535.71,QIU80544,FLLVTLAILTA,0,4.0
8,HLA-B53:01,27333.31,QIU80544,LTALRLCAYCC,8,5.0
10,HLA-B53:01,29419.16,QIU80544,ALRLCAYCCNI,10,6.0
9,HLA-B53:01,30093.71,QIU80544,TALRLCAYCCN,9,7.0
4,HLA-B53:01,30199.56,QIU80544,TLAILTALRLC,4,8.0
3,HLA-B53:01,30258.45,QIU80544,VTLAILTALRL,3,9.0
7,HLA-B53:01,32356.05,QIU80544,ILTALRLCAYC,7,10.0
2,HLA-B53:01,32903.73,QIU80544,LVTLAILTALR,2,11.0
1,HLA-B08:01,528.18,QIU80544,LLVTLAILTAL,1,1.0
5,HLA-B08:01,531.27,QIU80544,LAILTALRLCA,5,2.0
10,HLA-B08:01,1345.73,QIU80544,ALRLCAYCCNI,10,3.0
0,HLA-B08:01,2167.23,QIU80544,FLLVTLAILTA,0,4.0
8,HLA-B08:01,10659.19,QIU80544,LTALRLCAYCC,8,5.0
3,HLA-B08:01,12645.16,QIU80544,VTLAILTALRL,3,6.0
7,HLA-B08:01,13730.41,QIU80544,ILTALRLCAYC,7,7.0
9,HLA-B08:01,16574.56,QIU80544,TALRLCAYCCN,9,8.0
6,HLA-B08:01,19223.2,QIU80544,AILTALRLCAY,6,9.0
4,HLA-B08:01,26378.88,QIU80544,TLAILTALRLC,4,10.0
2,HLA-B08:01,29404.76,QIU80544,LVTLAILTALR,2,11.0
3,HLA-DRB101:01,156.96,QIU80544,VTLAILTALRL,3,1.0
4,HLA-DRB101:01,434.65,QIU80544,TLAILTALRLC,4,2.0
5,HLA-DRB101:01,479.75,QIU80544,LAILTALRLCA,5,3.0
2,HLA-DRB101:01,801.63,QIU80544,LVTLAILTALR,2,4.0
1,HLA-DRB101:01,1145.43,QIU80544,LLVTLAILTAL,1,5.0
7,HLA-DRB101:01,1178.61,QIU80544,ILTALRLCAYC,7,6.0
6,HLA-DRB101:01,1205.19,QIU80544,AILTALRLCAY,6,7.0
10,HLA-DRB101:01,1771.95,QIU80544,ALRLCAYCCNI,10,8.0
0,HLA-DRB101:01,2197.21,QIU80544,FLLVTLAILTA,0,9.0
8,HLA-DRB101:01,2795.01,QIU80544,LTALRLCAYCC,8,10.0
9,HLA-DRB101:01,8988.54,QIU80544,TALRLCAYCCN,9,11.0
3,HLA-DRB115:01,257.4,QIU80544,VTLAILTALRL,3,1.0
10,HLA-DRB115:01,364.44,QIU80544,ALRLCAYCCNI,10,2.0
6,HLA-DRB115:01,405.55,QIU80544,AILTALRLCAY,6,3.0
5,HLA-DRB115:01,578.0,QIU80544,LAILTALRLCA,5,4.0
4,HLA-DRB115:01,1160.98,QIU80544,TLAILTALRLC,4,5.0
2,HLA-DRB115:01,1373.67,QIU80544,LVTLAILTALR,2,6.0
7,HLA-DRB115:01,2904.17,QIU80544,ILTALRLCAYC,7,7.0
1,HLA-DRB115:01,3489.67,QIU80544,LLVTLAILTAL,1,8.0
9,HLA-DRB115:01,3606.8,QIU80544,TALRLCAYCCN,9,9.0
8,HLA-DRB115:01,7484.57,QIU80544,LTALRLCAYCC,8,10.0
0,HLA-DRB115:01,10783.0,QIU80544,FLLVTLAILTA,0,11.0
2,HLA-DRB103:01,3627.63,QIU80544,LVTLAILTALR,2,1.0
7,HLA-DRB103:01,4693.83,QIU80544,ILTALRLCAYC,7,2.0
4,HLA-DRB103:01,5241.67,QIU80544,TLAILTALRLC,4,3.0
3,HLA-DRB103:01,5448.65,QIU80544,VTLAILTALRL,3,4.0
1,HLA-DRB103:01,8937.48,QIU80544,LLVTLAILTAL,1,5.0
6,HLA-DRB103:01,10005.87,QIU80544,AILTALRLCAY,6,6.0
5,HLA-DRB103:01,12942.54,QIU80544,LAILTALRLCA,5,7.0
10,HLA-DRB103:01,14025.4,QIU80544,ALRLCAYCCNI,10,8.0
8,HLA-DRB103:01,15848.03,QIU80544,LTALRLCAYCC,8,9.0
9,HLA-DRB103:01,20695.43,QIU80544,TALRLCAYCCN,9,10.0
0,HLA-DRB103:01,26601.48,QIU80544,FLLVTLAILTA,0,11.0
3,HLA-DRB104:01,445.22,QIU80544,VTLAILTALRL,3,1.0
7,HLA-DRB104:01,488.22,QIU80544,ILTALRLCAYC,7,2.0
4,HLA-DRB104:01,850.7,QIU80544,TLAILTALRLC,4,3.0
8,HLA-DRB104:01,2144.41,QIU80544,LTALRLCAYCC,8,4.0
6,HLA-DRB104:01,2230.42,QIU80544,AILTALRLCAY,6,5.0
5,HLA-DRB104:01,2350.46,QIU80544,LAILTALRLCA,5,6.0
0,HLA-DRB104:01,2355.54,QIU80544,FLLVTLAILTA,0,7.0
2,HLA-DRB104:01,2380.98,QIU80544,LVTLAILTALR,2,8.0
1,HLA-DRB104:01,3373.19,QIU80544,LLVTLAILTAL,1,9.0
10,HLA-DRB104:01,3480.26,QIU80544,ALRLCAYCCNI,10,10.0
9,HLA-DRB104:01,10364.15,QIU80544,TALRLCAYCCN,9,11.0
3,HLA-DRB104:04,1145.01,QIU80544,VTLAILTALRL,3,1.0
4,HLA-DRB104:04,1626.27,QIU80544,TLAILTALRLC,4,2.0
6,HLA-DRB104:04,2569.45,QIU80544,AILTALRLCAY,6,3.0
5,HLA-DRB104:04,2727.15,QIU80544,LAILTALRLCA,5,4.0
7,HLA-DRB104:04,4749.62,QIU80544,ILTALRLCAYC,7,5.0
8,HLA-DRB104:04,8019.74,QIU80544,LTALRLCAYCC,8,6.0
2,HLA-DRB104:04,8162.41,QIU80544,LVTLAILTALR,2,7.0
0,HLA-DRB104:04,12543.62,QIU80544,FLLVTLAILTA,0,8.0
1,HLA-DRB104:04,15635.36,QIU80544,LLVTLAILTAL,1,9.0
10,HLA-DRB104:04,16175.87,QIU80544,ALRLCAYCCNI,10,10.0
9,HLA-DRB104:04,19645.11,QIU80544,TALRLCAYCCN,9,11.0
3,HLA-DRB107:01,41.98,QIU80544,VTLAILTALRL,3,1.0
4,HLA-DRB107:01,76.91,QIU80544,TLAILTALRLC,4,2.0
5,HLA-DRB107:01,169.05,QIU80544,LAILTALRLCA,5,3.0
7,HLA-DRB107:01,426.04,QIU80544,ILTALRLCAYC,7,4.0
8,HLA-DRB107:01,1005.52,QIU80544,LTALRLCAYCC,8,5.0
10,HLA-DRB107:01,1090.09,QIU80544,ALRLCAYCCNI,10,6.0
1,HLA-DRB107:01,1364.7,QIU80544,LLVTLAILTAL,1,7.0
0,HLA-DRB107:01,1529.38,QIU80544,FLLVTLAILTA,0,8.0
6,HLA-DRB107:01,1562.67,QIU80544,AILTALRLCAY,6,9.0
2,HLA-DRB107:01,1764.52,QIU80544,LVTLAILTALR,2,10.0
9,HLA-DRB107:01,5963.39,QIU80544,TALRLCAYCCN,9,11.0
3,HLA-DRB108:01,704.02,QIU80544,VTLAILTALRL,3,1.0
4,HLA-DRB108:01,1370.44,QIU80544,TLAILTALRLC,4,2.0
10,HLA-DRB108:01,1622.37,QIU80544,ALRLCAYCCNI,10,3.0
7,HLA-DRB108:01,1791.26,QIU80544,ILTALRLCAYC,7,4.0
5,HLA-DRB108:01,2121.88,QIU80544,LAILTALRLCA,5,5.0
8,HLA-DRB108:01,2160.65,QIU80544,LTALRLCAYCC,8,6.0
2,HLA-DRB108:01,2198.19,QIU80544,LVTLAILTALR,2,7.0
6,HLA-DRB108:01,2212.84,QIU80544,AILTALRLCAY,6,8.0
1,HLA-DRB108:01,3363.34,QIU80544,LLVTLAILTAL,1,9.0
9,HLA-DRB108:01,5464.38,QIU80544,TALRLCAYCCN,9,10.0
0,HLA-DRB108:01,7544.68,QIU80544,FLLVTLAILTA,0,11.0
3,HLA-DRB111:01,1049.45,QIU80544,VTLAILTALRL,3,1.0
6,HLA-DRB111:01,1154.63,QIU80544,AILTALRLCAY,6,2.0
1,HLA-DRB111:01,1789.69,QIU80544,LLVTLAILTAL,1,3.0
2,HLA-DRB111:01,2316.82,QIU80544,LVTLAILTALR,2,4.0
7,HLA-DRB111:01,3673.48,QIU80544,ILTALRLCAYC,7,5.0
4,HLA-DRB111:01,4602.5,QIU80544,TLAILTALRLC,4,6.0
5,HLA-DRB111:01,6361.52,QIU80544,LAILTALRLCA,5,7.0
0,HLA-DRB111:01,6693.45,QIU80544,FLLVTLAILTA,0,8.0
8,HLA-DRB111:01,11013.97,QIU80544,LTALRLCAYCC,8,9.0
10,HLA-DRB111:01,24271.81,QIU80544,ALRLCAYCCNI,10,10.0
9,HLA-DRB111:01,24964.57,QIU80544,TALRLCAYCCN,9,11.0
6,HLA-DRB112:01,361.32,QIU80544,AILTALRLCAY,6,1.0
7,HLA-DRB112:01,674.27,QIU80544,ILTALRLCAYC,7,2.0
8,HLA-DRB112:01,1086.71,QIU80544,LTALRLCAYCC,8,3.0
5,HLA-DRB112:01,1145.33,QIU80544,LAILTALRLCA,5,4.0
3,HLA-DRB112:01,1612.94,QIU80544,VTLAILTALRL,3,5.0
10,HLA-DRB112:01,2391.65,QIU80544,ALRLCAYCCNI,10,6.0
4,HLA-DRB112:01,3487.5,QIU80544,TLAILTALRLC,4,7.0
2,HLA-DRB112:01,3620.09,QIU80544,LVTLAILTALR,2,8.0
1,HLA-DRB112:01,4749.0,QIU80544,LLVTLAILTAL,1,9.0
9,HLA-DRB112:01,5550.1,QIU80544,TALRLCAYCCN,9,10.0
0,HLA-DRB112:01,5837.4,QIU80544,FLLVTLAILTA,0,11.0
5,HLA-DRB112:02,1793.88,QIU80544,LAILTALRLCA,5,1.0
6,HLA-DRB112:02,1916.41,QIU80544,AILTALRLCAY,6,2.0
2,HLA-DRB112:02,2341.79,QIU80544,LVTLAILTALR,2,3.0
7,HLA-DRB112:02,2342.41,QIU80544,ILTALRLCAYC,7,4.0
10,HLA-DRB112:02,2431.36,QIU80544,ALRLCAYCCNI,10,5.0
3,HLA-DRB112:02,2636.6,QIU80544,VTLAILTALRL,3,6.0
9,HLA-DRB112:02,2678.6,QIU80544,TALRLCAYCCN,9,7.0
8,HLA-DRB112:02,3991.07,QIU80544,LTALRLCAYCC,8,8.0
4,HLA-DRB112:02,5422.17,QIU80544,TLAILTALRLC,4,9.0
1,HLA-DRB112:02,5814.47,QIU80544,LLVTLAILTAL,1,10.0
0,HLA-DRB112:02,13025.19,QIU80544,FLLVTLAILTA,0,11.0
10,HLA-DRB113:01,257.65,QIU80544,ALRLCAYCCNI,10,1.0
8,HLA-DRB113:01,567.19,QIU80544,LTALRLCAYCC,8,2.0
3,HLA-DRB113:01,617.64,QIU80544,VTLAILTALRL,3,3.0
7,HLA-DRB113:01,733.79,QIU80544,ILTALRLCAYC,7,4.0
6,HLA-DRB113:01,1093.77,QIU80544,AILTALRLCAY,6,5.0
9,HLA-DRB113:01,1948.05,QIU80544,TALRLCAYCCN,9,6.0
4,HLA-DRB113:01,4854.76,QIU80544,TLAILTALRLC,4,7.0
2,HLA-DRB113:01,5609.78,QIU80544,LVTLAILTALR,2,8.0
1,HLA-DRB113:01,5992.0,QIU80544,LLVTLAILTAL,1,9.0
5,HLA-DRB113:01,9942.96,QIU80544,LAILTALRLCA,5,10.0
0,HLA-DRB113:01,19471.73,QIU80544,FLLVTLAILTA,0,11.0
