Accession,Release_Date,Species,Length,Geo_Location,Host,Isolation_Source,Collection_Date
NC_045512,2020-01-13T00:00:00Z,Severe acute respiratory syndrome-related coronavirus,29903,China,Homo sapiens,,2019-12
MT293183,2020-04-06T00:00:00Z,Severe acute respiratory syndrome-related coronavirus,29871,USA: WA,Homo sapiens,,2020-03-26
MT293189,2020-04-06T00:00:00Z,Severe acute respiratory syndrome-related coronavirus,29863,USA: WA,Homo sapiens,,2020-03-26
MT293186,2020-04-06T00:00:00Z,Severe acute respiratory syndrome-related coronavirus,29865,USA: WA,Homo sapiens,,2020-03-26
MT293190,2020-04-06T00:00:00Z,Severe acute respiratory syndrome-related coronavirus,29829,USA: WA,Homo sapiens,,2020-03-26
MT293191,2020-04-06T00:00:00Z,Severe acute respiratory syndrome-related coronavirus,29711,USA: WA,Homo sapiens,,2020-03-26
MT281577,2020-04-06T00:00:00Z,Severe acute respiratory syndrome-related coronavirus,29903,"China: Anhui, Fuyang",Homo sapiens,feces,2020-03-10
MT293220,2020-04-06T00:00:00Z,Severe acute respiratory syndrome-related coronavirus,29869,USA: WA,Homo sapiens,,2020-03-28
MT293162,2020-04-06T00:00:00Z,Severe acute respiratory syndrome-related coronavirus,29848,USA: WA,Homo sapiens,,2020-03-29
MT293209,2020-04-06T00:00:00Z,Severe acute respiratory syndrome-related coronavirus,29842,USA: WA,Homo sapiens,,2020-03-30
MT293204,2020-04-06T00:00:00Z,Severe acute respiratory syndrome-related coronavirus,29896,USA: WA,Homo sapiens,,2020-03-30
MT295464,2020-04-06T00:00:00Z,Severe acute respiratory syndrome-related coronavirus,29892,USA,Homo sapiens,,2020-03-10
MT293159,2020-04-06T00:00:00Z,Severe acute respiratory syndrome-related coronavirus,29890,USA: WA,Homo sapiens,,2020-03-29
MT293222,2020-04-06T00:00:00Z,Severe acute respiratory syndrome-related coronavirus,29842,USA: WA,Homo sapiens,,2020-03-29
MT293225,2020-04-06T00:00:00Z,Severe acute respiratory syndrome-related coronavirus,29865,USA: WA,Homo sapiens,,2020-03-29
MT292569,2020-04-06T00:00:00Z,Severe acute respiratory syndrome-related coronavirus,29782,Spain,Homo sapiens,,2020-03-09
MT293199,2020-04-06T00:00:00Z,Severe acute respiratory syndrome-related coronavirus,29671,USA: WA,Homo sapiens,,2020-03-30
MT293195,2020-04-06T00:00:00Z,Severe acute respiratory syndrome-related coronavirus,29871,USA: WA,Homo sapiens,,2020-03-28
MT293197,2020-04-06T00:00:00Z,Severe acute respiratory syndrome-related coronavirus,29619,USA: WA,Homo sapiens,,2020-03-30
MT293201,2020-04-06T00:00:00Z,Severe acute respiratory syndrome-related coronavirus,29846,USA: WA,Homo sapiens,,2020-03-30
MT293205,2020-04-06T00:00:00Z,Severe acute respiratory syndrome-related coronavirus,29833,USA: WA,Homo sapiens,,2020-03-30
MT293210,2020-04-06T00:00:00Z,Severe acute respiratory syndrome-related coronavirus,29871,USA: WA,Homo sapiens,,2020-03-29
MT293219,2020-04-06T00:00:00Z,Severe acute respiratory syndrome-related coronavirus,29885,USA: WA,Homo sapiens,,2020-03-29
MT292573,2020-04-06T00:00:00Z,Severe acute respiratory syndrome-related coronavirus,29782,Spain,Homo sapiens,,2020-03-09
MT295465,2020-04-06T00:00:00Z,Severe acute respiratory syndrome-related coronavirus,29893,USA,Homo sapiens,,2020-03-27
MT292571,2020-04-06T00:00:00Z,Severe acute respiratory syndrome-related coronavirus,29782,Spain,Homo sapiens,,2020-03-09
MT293206,2020-04-06T00:00:00Z,Severe acute respiratory syndrome-related coronavirus,29668,USA: WA,Homo sapiens,,2020-03-30
MT293212,2020-04-06T00:00:00Z,Severe acute respiratory syndrome-related coronavirus,29883,USA: WA,Homo sapiens,,2020-03-30
MT293188,2020-04-06T00:00:00Z,Severe acute respiratory syndrome-related coronavirus,29778,USA: WA,Homo sapiens,,2020-03-28
MT293192,2020-04-06T00:00:00Z,Severe acute respiratory syndrome-related coronavirus,29868,USA: WA,Homo sapiens,,2020-03-28
MT293202,2020-04-06T00:00:00Z,Severe acute respiratory syndrome-related coronavirus,29874,USA: WA,Homo sapiens,,2020-03-30
MT293163,2020-04-06T00:00:00Z,Severe acute respiratory syndrome-related coronavirus,29596,USA: WA,Homo sapiens,,2020-03-29
MT293171,2020-04-06T00:00:00Z,Severe acute respiratory syndrome-related coronavirus,29848,USA: WA,Homo sapiens,,2020-03-30
MT293172,2020-04-06T00:00:00Z,Severe acute respiratory syndrome-related coronavirus,29870,USA: WA,Homo sapiens,,2020-03-30
MT293176,2020-04-06T00:00:00Z,Severe acute respiratory syndrome-related coronavirus,29883,USA: WA,Homo sapiens,,2020-03-28
MT293181,2020-04-06T00:00:00Z,Severe acute respiratory syndrome-related coronavirus,29871,USA: WA,Homo sapiens,,2020-03-26
MT293178,2020-04-06T00:00:00Z,Severe acute respiratory syndrome-related coronavirus,29868,USA: WA,Homo sapiens,,2020-03-26
MT292572,2020-04-06T00:00:00Z,Severe acute respiratory syndrome-related coronavirus,29782,Spain,Homo sapiens,,2020-03-10
MT291831,2020-04-06T00:00:00Z,Severe acute respiratory syndrome-related coronavirus,29872,China: Beijing,Homo sapiens,oronasopharynx,2020-01-24
MT291832,2020-04-06T00:00:00Z,Severe acute respiratory syndrome-related coronavirus,29828,China: Beijing,Homo sapiens,oronasopharynx,2020-01-25
MT291833,2020-04-06T00:00:00Z,Severe acute respiratory syndrome-related coronavirus,29821,China: Beijing,Homo sapiens,oronasopharynx,2020-01-28
MT291834,2020-04-06T00:00:00Z,Severe acute respiratory syndrome-related coronavirus,29865,China: Beijing,Homo sapiens,oronasopharynx,2020-01-28
MT291835,2020-04-06T00:00:00Z,Severe acute respiratory syndrome-related coronavirus,29871,China: Beijing,Homo sapiens,oronasopharynx,2020-01-27
MT291826,2020-04-06T00:00:00Z,Severe acute respiratory syndrome-related coronavirus,29807,China: Wuhan,Homo sapiens,lung,2019-12-30
MT291836,2020-04-06T00:00:00Z,Severe acute respiratory syndrome-related coronavirus,29860,China: Beijing,Homo sapiens,oronasopharynx,2020-01-29
MT291827,2020-04-06T00:00:00Z,Severe acute respiratory syndrome-related coronavirus,29858,China: Wuhan,Homo sapiens,lung,2019-12-30
MT291828,2020-04-06T00:00:00Z,Severe acute respiratory syndrome-related coronavirus,29858,China: Wuhan,Homo sapiens,lung,2019-12-30
MT291829,2020-04-06T00:00:00Z,Severe acute respiratory syndrome-related coronavirus,29774,China: Wuhan,Homo sapiens,lung,2019-12-30
MT291830,2020-04-06T00:00:00Z,Severe acute respiratory syndrome-related coronavirus,29807,China: Wuhan,Homo sapiens,lung,2019-12-30
MT276597,2020-04-03T00:00:00Z,Severe acute respiratory syndrome-related coronavirus,29851,Israel,Homo sapiens,,2020-02
MT276327,2020-04-03T00:00:00Z,Severe acute respiratory syndrome-related coronavirus,29882,USA: GA,Homo sapiens,oronasopharynx,2020-02-29
MT276326,2020-04-03T00:00:00Z,Severe acute respiratory syndrome-related coronavirus,29882,USA: GA,Homo sapiens,oronasopharynx,2020-02-29
MT276330,2020-04-03T00:00:00Z,Severe acute respiratory syndrome-related coronavirus,29882,USA: FL,Homo sapiens,oronasopharynx,2020-02-28
MT276331,2020-04-03T00:00:00Z,Severe acute respiratory syndrome-related coronavirus,29882,USA: TX,Homo sapiens,oronasopharynx,2020-02-29
MT276323,2020-04-03T00:00:00Z,Severe acute respiratory syndrome-related coronavirus,29882,USA: RI,Homo sapiens,oronasopharynx,2020-02-28
MT276324,2020-04-03T00:00:00Z,Severe acute respiratory syndrome-related coronavirus,29882,USA: CA,Homo sapiens,oronasopharynx,2020-02-26
MT276598,2020-04-03T00:00:00Z,Severe acute respiratory syndrome-related coronavirus,29870,Israel,Homo sapiens,,2020-03
MT276325,2020-04-03T00:00:00Z,Severe acute respiratory syndrome-related coronavirus,29882,USA: WA,Homo sapiens,oronasopharynx,2020-02-27
MT276328,2020-04-03T00:00:00Z,Severe acute respiratory syndrome-related coronavirus,29882,USA: OR,Homo sapiens,oronasopharynx,2020-02-27
MT276329,2020-04-03T00:00:00Z,Severe acute respiratory syndrome-related coronavirus,29882,USA: FL,Homo sapiens,oronasopharynx,2020-02-28
MT262900,2020-03-31T00:00:00Z,Severe acute respiratory syndrome-related coronavirus,29882,USA: WA,Homo sapiens,,2020-03-13
MT262901,2020-03-31T00:00:00Z,Severe acute respiratory syndrome-related coronavirus,29882,USA: WA,Homo sapiens,,2020-03-13
MT262902,2020-03-31T00:00:00Z,Severe acute respiratory syndrome-related coronavirus,29882,USA: WA,Homo sapiens,,2020-03-13
MT262898,2020-03-31T00:00:00Z,Severe acute respiratory syndrome-related coronavirus,29882,USA: WA,Homo sapiens,,2020-03-13
MT263394,2020-03-31T00:00:00Z,Severe acute respiratory syndrome-related coronavirus,29697,USA: WA,Homo sapiens,,2020-03-22
MT263396,2020-03-31T00:00:00Z,Severe acute respiratory syndrome-related coronavirus,29903,USA: WA,Homo sapiens,,2020-03-22
MT263435,2020-03-31T00:00:00Z,Severe acute respiratory syndrome-related coronavirus,29882,USA: WA,Homo sapiens,,2020-03-24
MT263457,2020-03-31T00:00:00Z,Severe acute respiratory syndrome-related coronavirus,29801,USA: WA,Homo sapiens,,2020-03-24
MT262906,2020-03-31T00:00:00Z,Severe acute respiratory syndrome-related coronavirus,29882,USA: WA,Homo sapiens,,2020-03-13
MT262908,2020-03-31T00:00:00Z,Severe acute respiratory syndrome-related coronavirus,29882,USA: WA,Homo sapiens,,2020-03-13
MT262912,2020-03-31T00:00:00Z,Severe acute respiratory syndrome-related coronavirus,29882,USA: WA,Homo sapiens,,2020-03-13
MT262913,2020-03-31T00:00:00Z,Severe acute respiratory syndrome-related coronavirus,29882,USA: WA,Homo sapiens,,2020-03-13
MT262911,2020-03-31T00:00:00Z,Severe acute respiratory syndrome-related coronavirus,29882,USA: WA,Homo sapiens,,2020-03-13
MT262899,2020-03-31T00:00:00Z,Severe acute respiratory syndrome-related coronavirus,29882,USA: WA,Homo sapiens,,2020-03-13
MT262905,2020-03-31T00:00:00Z,Severe acute respiratory syndrome-related coronavirus,29882,USA: WA,Homo sapiens,,2020-03-13
MT262907,2020-03-31T00:00:00Z,Severe acute respiratory syndrome-related coronavirus,29882,USA: WA,Homo sapiens,,2020-03-13
MT262909,2020-03-31T00:00:00Z,Severe acute respiratory syndrome-related coronavirus,29882,USA: WA,Homo sapiens,,2020-03-13
MT262897,2020-03-31T00:00:00Z,Severe acute respiratory syndrome-related coronavirus,29882,USA: WA,Homo sapiens,,2020-03-13
MT262910,2020-03-31T00:00:00Z,Severe acute respiratory syndrome-related coronavirus,29882,USA: WA,Homo sapiens,,2020-03-13
MT262914,2020-03-31T00:00:00Z,Severe acute respiratory syndrome-related coronavirus,29882,USA: WA,Homo sapiens,,2020-03-13
MT262993,2020-03-31T00:00:00Z,Severe acute respiratory syndrome-related coronavirus,29836,Pakistan: KPK,Homo sapiens,oronasopharynx,2020-03-12
MT263074,2020-03-31T00:00:00Z,Severe acute respiratory syndrome-related coronavirus,29856,Peru,Homo sapiens,,2020-03-10
MT263429,2020-03-31T00:00:00Z,Severe acute respiratory syndrome-related coronavirus,29889,USA: WA,Homo sapiens,,2020-03-24
MT263415,2020-03-31T00:00:00Z,Severe acute respiratory syndrome-related coronavirus,29840,USA: WA,Homo sapiens,,2020-03-24
MT263425,2020-03-31T00:00:00Z,Severe acute respiratory syndrome-related coronavirus,29841,USA: WA,Homo sapiens,,2020-03-24
MT263438,2020-03-31T00:00:00Z,Severe acute respiratory syndrome-related coronavirus,29872,USA: WA,Homo sapiens,,2020-03-24
MT263450,2020-03-31T00:00:00Z,Severe acute respiratory syndrome-related coronavirus,29841,USA: WA,Homo sapiens,,2020-03-24
MT263458,2020-03-31T00:00:00Z,Severe acute respiratory syndrome-related coronavirus,29881,USA: WA,Homo sapiens,,2020-03-23
MT263399,2020-03-31T00:00:00Z,Severe acute respiratory syndrome-related coronavirus,29886,USA: WA,Homo sapiens,,2020-03-24
MT263437,2020-03-31T00:00:00Z,Severe acute respiratory syndrome-related coronavirus,29871,USA: WA,Homo sapiens,,2020-03-24
MT263440,2020-03-31T00:00:00Z,Severe acute respiratory syndrome-related coronavirus,29863,USA: WA,Homo sapiens,,2020-03-24
MT263446,2020-03-31T00:00:00Z,Severe acute respiratory syndrome-related coronavirus,29872,USA: WA,Homo sapiens,,2020-03-24
MT263447,2020-03-31T00:00:00Z,Severe acute respiratory syndrome-related coronavirus,29868,USA: WA,Homo sapiens,,2020-03-14
MT263468,2020-03-31T00:00:00Z,Severe acute respiratory syndrome-related coronavirus,29892,USA: WA,Homo sapiens,,2020-03-23
MT263402,2020-03-31T00:00:00Z,Severe acute respiratory syndrome-related coronavirus,29844,USA: WA,Homo sapiens,,2020-03-23
MT263406,2020-03-31T00:00:00Z,Severe acute respiratory syndrome-related coronavirus,29887,USA: WA,Homo sapiens,,2020-03-21
MT263411,2020-03-31T00:00:00Z,Severe acute respiratory syndrome-related coronavirus,29866,USA: WA,Homo sapiens,,2020-03-24
MT263416,2020-03-31T00:00:00Z,Severe acute respiratory syndrome-related coronavirus,29815,USA: WA,Homo sapiens,,2020-03-21
MT262915,2020-03-31T00:00:00Z,Severe acute respiratory syndrome-related coronavirus,29882,USA: WA,Homo sapiens,,2020-03-13
MT263419,2020-03-31T00:00:00Z,Severe acute respiratory syndrome-related coronavirus,29853,USA: WA,Homo sapiens,,2020-03-20
MT263408,2020-03-31T00:00:00Z,Severe acute respiratory syndrome-related coronavirus,29810,USA: WA,Homo sapiens,,2020-03-24
MT263410,2020-03-31T00:00:00Z,Severe acute respiratory syndrome-related coronavirus,29871,USA: WA,Homo sapiens,,2020-03-24
MT262916,2020-03-31T00:00:00Z,Severe acute respiratory syndrome-related coronavirus,29882,USA: WA,Homo sapiens,,2020-03-13
MT263404,2020-03-31T00:00:00Z,Severe acute respiratory syndrome-related coronavirus,29866,USA: WA,Homo sapiens,,2020-03-24
MT263414,2020-03-31T00:00:00Z,Severe acute respiratory syndrome-related coronavirus,29830,USA: WA,Homo sapiens,,2020-03-24
MT263434,2020-03-31T00:00:00Z,Severe acute respiratory syndrome-related coronavirus,29790,USA: WA,Homo sapiens,,2020-03-24
MT263463,2020-03-31T00:00:00Z,Severe acute respiratory syndrome-related coronavirus,29868,USA: WA,Homo sapiens,,2020-03-23
MT263464,2020-03-31T00:00:00Z,Severe acute respiratory syndrome-related coronavirus,29832,USA: WA,Homo sapiens,,2020-03-23
MT263462,2020-03-31T00:00:00Z,Severe acute respiratory syndrome-related coronavirus,29764,USA: WA,Homo sapiens,,2020-03-23
MT263424,2020-03-31T00:00:00Z,Severe acute respiratory syndrome-related coronavirus,29830,USA: WA,Homo sapiens,,2020-03-24
MT262904,2020-03-31T00:00:00Z,Severe acute respiratory syndrome-related coronavirus,29882,USA: WA,Homo sapiens,,2020-03-13
MT262896,2020-03-31T00:00:00Z,Severe acute respiratory syndrome-related coronavirus,29882,USA: WA,Homo sapiens,,2020-03-13
MT263469,2020-03-31T00:00:00Z,Severe acute respiratory syndrome-related coronavirus,29857,USA: WA,Homo sapiens,,2020-03-23
MT263392,2020-03-31T00:00:00Z,Severe acute respiratory syndrome-related coronavirus,29843,USA: WA,Homo sapiens,,2020-03-24
MT262903,2020-03-31T00:00:00Z,Severe acute respiratory syndrome-related coronavirus,29882,USA: WA,Homo sapiens,,2020-03-13
MT258379,2020-03-30T00:00:00Z,Severe acute respiratory syndrome-related coronavirus,29892,"USA: San Francisco, CA",Homo sapiens,,2020-03-18
MT259251,2020-03-30T00:00:00Z,Severe acute respiratory syndrome-related coronavirus,29884,USA: WA,Homo sapiens,,2020-03-14
MT259253,2020-03-30T00:00:00Z,Severe acute respiratory syndrome-related coronavirus,29813,USA: WA,Homo sapiens,,2020-03-16
MT259264,2020-03-30T00:00:00Z,Severe acute respiratory syndrome-related coronavirus,29836,USA: WA,Homo sapiens,,2020-03-13
MT259278,2020-03-30T00:00:00Z,Severe acute respiratory syndrome-related coronavirus,29897,USA: WA,Homo sapiens,,2020-03-15
MT258381,2020-03-30T00:00:00Z,Severe acute respiratory syndrome-related coronavirus,29899,"USA: San Francisco, CA",Homo sapiens,,2020-03-18
MT258383,2020-03-30T00:00:00Z,Severe acute respiratory syndrome-related coronavirus,29887,"USA: San Francisco, CA",Homo sapiens,,2020-03-18
MT258377,2020-03-30T00:00:00Z,Severe acute respiratory syndrome-related coronavirus,29888,"USA: San Francisco, CA",Homo sapiens,,2020-03-18
MT259252,2020-03-30T00:00:00Z,Severe acute respiratory syndrome-related coronavirus,29790,USA: WA,Homo sapiens,,2020-03-14
MT259263,2020-03-30T00:00:00Z,Severe acute respiratory syndrome-related coronavirus,29878,USA: WA,Homo sapiens,,2020-03-13
MT259286,2020-03-30T00:00:00Z,Severe acute respiratory syndrome-related coronavirus,29857,USA: WA,Homo sapiens,,2020-03-15
MT259287,2020-03-30T00:00:00Z,Severe acute respiratory syndrome-related coronavirus,29688,USA: WA,Homo sapiens,,2020-03-15
MT258378,2020-03-30T00:00:00Z,Severe acute respiratory syndrome-related coronavirus,29892,"USA: San Francisco, CA",Homo sapiens,,2020-03-18
MT258380,2020-03-30T00:00:00Z,Severe acute respiratory syndrome-related coronavirus,29890,"USA: San Francisco, CA",Homo sapiens,,2020-03-18
MT259235,2020-03-30T00:00:00Z,Severe acute respiratory syndrome-related coronavirus,29751,USA: WA,Homo sapiens,,2020-03-13
MT259254,2020-03-30T00:00:00Z,Severe acute respiratory syndrome-related coronavirus,29887,USA: WA,Homo sapiens,,2020-03-16
MT259256,2020-03-30T00:00:00Z,Severe acute respiratory syndrome-related coronavirus,29833,USA: WA,Homo sapiens,,2020-03-13
MT259260,2020-03-30T00:00:00Z,Severe acute respiratory syndrome-related coronavirus,29871,USA: WA,Homo sapiens,,2020-03-16
MT259261,2020-03-30T00:00:00Z,Severe acute respiratory syndrome-related coronavirus,29837,USA: WA,Homo sapiens,,2020-03-16
MT259266,2020-03-30T00:00:00Z,Severe acute respiratory syndrome-related coronavirus,29776,USA: WA,Homo sapiens,,2020-03-13
MT259267,2020-03-30T00:00:00Z,Severe acute respiratory syndrome-related coronavirus,29852,USA: WA,Homo sapiens,,2020-03-14
MT259271,2020-03-30T00:00:00Z,Severe acute respiratory syndrome-related coronavirus,29864,USA: WA,Homo sapiens,,2020-03-15
MT259282,2020-03-30T00:00:00Z,Severe acute respiratory syndrome-related coronavirus,29815,USA: WA,Homo sapiens,,2020-03-15
MT259239,2020-03-30T00:00:00Z,Severe acute respiratory syndrome-related coronavirus,29583,USA: WA,Homo sapiens,,2020-03-16
MT259241,2020-03-30T00:00:00Z,Severe acute respiratory syndrome-related coronavirus,29682,USA: WA,Homo sapiens,,2020-03-16
MT259243,2020-03-30T00:00:00Z,Severe acute respiratory syndrome-related coronavirus,29757,USA: WA,Homo sapiens,,2020-03-13
MT259244,2020-03-30T00:00:00Z,Severe acute respiratory syndrome-related coronavirus,29865,USA: WA,Homo sapiens,,2020-03-16
MT259246,2020-03-30T00:00:00Z,Severe acute respiratory syndrome-related coronavirus,29842,USA: WA,Homo sapiens,,2020-03-13
MT259248,2020-03-30T00:00:00Z,Severe acute respiratory syndrome-related coronavirus,29879,USA: WA,Homo sapiens,,2020-03-14
MT259249,2020-03-30T00:00:00Z,Severe acute respiratory syndrome-related coronavirus,29821,USA: WA,Homo sapiens,,2020-03-13
MT259229,2020-03-30T00:00:00Z,Severe acute respiratory syndrome-related coronavirus,29864,"China: Hubei, Wuhan",Homo sapiens,oronasopharynx,2020-01-26
MT259231,2020-03-30T00:00:00Z,Severe acute respiratory syndrome-related coronavirus,29865,"China: Hubei, Wuhan",Homo sapiens,oronasopharynx,2020-01-25
MT259227,2020-03-30T00:00:00Z,Severe acute respiratory syndrome-related coronavirus,29863,"China: Hubei, Wuhan",Homo sapiens,oronasopharynx,2020-01-26
MT259230,2020-03-30T00:00:00Z,Severe acute respiratory syndrome-related coronavirus,29866,"China: Hubei, Wuhan",Homo sapiens,oronasopharynx,2020-01-25
MT259226,2020-03-30T00:00:00Z,Severe acute respiratory syndrome-related coronavirus,29868,"China: Hubei, Wuhan",Homo sapiens,oronasopharynx,2020-01-10
MT259228,2020-03-30T00:00:00Z,Severe acute respiratory syndrome-related coronavirus,29861,"China: Hubei, Wuhan",Homo sapiens,oronasopharynx,2020-01-26
MT253698,2020-03-27T00:00:00Z,Severe acute respiratory syndrome-related coronavirus,29781,"China: Zhejiang, Hangzhou",Homo sapiens,"lung, oronasopharynx",2020-01-23
MT253708,2020-03-27T00:00:00Z,Severe acute respiratory syndrome-related coronavirus,29781,"China: Zhejiang, Hangzhou",Homo sapiens,"lung, oronasopharynx",2020-01-21
MT253700,2020-03-27T00:00:00Z,Severe acute respiratory syndrome-related coronavirus,29781,"China: Zhejiang, Hangzhou",Homo sapiens,"lung, oronasopharynx",2020-01-25
MT253703,2020-03-27T00:00:00Z,Severe acute respiratory syndrome-related coronavirus,29781,"China: Zhejiang, Hangzhou",Homo sapiens,"lung, oronasopharynx",2020-01-25
MT253706,2020-03-27T00:00:00Z,Severe acute respiratory syndrome-related coronavirus,29781,"China: Zhejiang, Hangzhou",Homo sapiens,"lung, oronasopharynx",2020-01-22
MT253704,2020-03-27T00:00:00Z,Severe acute respiratory syndrome-related coronavirus,29781,"China: Zhejiang, Hangzhou",Homo sapiens,"lung, oronasopharynx",2020-01-25
MT253705,2020-03-27T00:00:00Z,Severe acute respiratory syndrome-related coronavirus,29781,"China: Zhejiang, Hangzhou",Homo sapiens,"lung, oronasopharynx",2020-01-22
MT253702,2020-03-27T00:00:00Z,Severe acute respiratory syndrome-related coronavirus,29781,"China: Zhejiang, Hangzhou",Homo sapiens,"lung, oronasopharynx",2020-01-21
MT251974,2020-03-27T00:00:00Z,Severe acute respiratory syndrome-related coronavirus,29852,USA: WA,Homo sapiens,,2020-03-12
MT251976,2020-03-27T00:00:00Z,Severe acute respiratory syndrome-related coronavirus,29899,USA: WA,Homo sapiens,,2020-03-14
MT253696,2020-03-27T00:00:00Z,Severe acute respiratory syndrome-related coronavirus,29781,"China: Zhejiang, Hangzhou",Homo sapiens,"lung, oronasopharynx",2020-01-23
MT253697,2020-03-27T00:00:00Z,Severe acute respiratory syndrome-related coronavirus,29781,"China: Zhejiang, Hangzhou",Homo sapiens,"lung, oronasopharynx",2020-01-23
MT253699,2020-03-27T00:00:00Z,Severe acute respiratory syndrome-related coronavirus,29781,"China: Zhejiang, Hangzhou",Homo sapiens,"lung, oronasopharynx",2020-01-24
MT253701,2020-03-27T00:00:00Z,Severe acute respiratory syndrome-related coronavirus,29781,"China: Zhejiang, Hangzhou",Homo sapiens,"lung, oronasopharynx",2020-01-21
MT253707,2020-03-27T00:00:00Z,Severe acute respiratory syndrome-related coronavirus,29781,"China: Zhejiang, Hangzhou",Homo sapiens,"lung, oronasopharynx",2020-01-25
MT253710,2020-03-27T00:00:00Z,Severe acute respiratory syndrome-related coronavirus,29781,"China: Zhejiang, Hangzhou",Homo sapiens,"lung, oronasopharynx",2020-01-21
MT253709,2020-03-27T00:00:00Z,Severe acute respiratory syndrome-related coronavirus,29781,"China: Zhejiang, Hangzhou",Homo sapiens,"lung, oronasopharynx",2020-01-21
MT246466,2020-03-26T00:00:00Z,Severe acute respiratory syndrome-related coronavirus,29897,USA: WA,Homo sapiens,,2020-03-13
MT246471,2020-03-26T00:00:00Z,Severe acute respiratory syndrome-related coronavirus,29871,USA: WA,Homo sapiens,,2020-03-14
MT246464,2020-03-26T00:00:00Z,Severe acute respiratory syndrome-related coronavirus,29818,USA: WA,Homo sapiens,,2020-03-13
MT246450,2020-03-26T00:00:00Z,Severe acute respiratory syndrome-related coronavirus,29872,USA: WA,Homo sapiens,,2020-03-13
MT246452,2020-03-26T00:00:00Z,Severe acute respiratory syndrome-related coronavirus,29888,USA: WA,Homo sapiens,,2020-03-13
MT246457,2020-03-26T00:00:00Z,Severe acute respiratory syndrome-related coronavirus,29843,USA: WA,Homo sapiens,,2020-03-12
MT246474,2020-03-26T00:00:00Z,Severe acute respiratory syndrome-related coronavirus,29884,USA: WA,Homo sapiens,,2020-03-14
MT246480,2020-03-26T00:00:00Z,Severe acute respiratory syndrome-related coronavirus,29904,USA: WA,Homo sapiens,,2020-03-13
MT246477,2020-03-26T00:00:00Z,Severe acute respiratory syndrome-related coronavirus,29886,USA: WA,Homo sapiens,,2020-03-14
MT246476,2020-03-26T00:00:00Z,Severe acute respiratory syndrome-related coronavirus,29863,USA: WA,Homo sapiens,,2020-03-13
MT246487,2020-03-26T00:00:00Z,Severe acute respiratory syndrome-related coronavirus,29883,USA: WA,Homo sapiens,,2020-03-15
MT233526,2020-03-26T00:00:00Z,Severe acute respiratory syndrome-related coronavirus,29847,USA: WA,Homo sapiens,oronasopharynx,2020-01-19
MT246455,2020-03-26T00:00:00Z,Severe acute respiratory syndrome-related coronavirus,29857,USA: WA,Homo sapiens,,2020-03-12
MT246478,2020-03-26T00:00:00Z,Severe acute respiratory syndrome-related coronavirus,29889,USA: WA,Homo sapiens,,2020-03-14
MT246481,2020-03-26T00:00:00Z,Severe acute respiratory syndrome-related coronavirus,29873,USA: WA,Homo sapiens,,2020-03-13
MT246488,2020-03-26T00:00:00Z,Severe acute respiratory syndrome-related coronavirus,29842,USA: WA,Homo sapiens,,2020-03-14
MT246470,2020-03-26T00:00:00Z,Severe acute respiratory syndrome-related coronavirus,29860,USA: WA,Homo sapiens,,2020-03-13
MT246467,2020-03-26T00:00:00Z,Severe acute respiratory syndrome-related coronavirus,29899,USA: WA,Homo sapiens,,2020-03-14
MT246667,2020-03-26T00:00:00Z,Severe acute respiratory syndrome-related coronavirus,29867,USA: WA,Homo sapiens,oronasopharynx,2020-01-19
MT240479,2020-03-25T00:00:00Z,Severe acute respiratory syndrome-related coronavirus,29836,Pakistan: Gilgit,Homo sapiens,oronasopharynx,2020-03-04
MT233523,2020-03-24T00:00:00Z,Severe acute respiratory syndrome-related coronavirus,29782,Spain: Valencia,Homo sapiens,,2020-03-04
MT226610,2020-03-20T00:00:00Z,Severe acute respiratory syndrome-related coronavirus,29899,China,Homo sapiens,oronasopharynx,2020-01-20
MT192773,2020-03-16T00:00:00Z,Severe acute respiratory syndrome-related coronavirus,29890,Viet Nam: Ho Chi Minh city,Homo sapiens,,2020-01-22
MT192765,2020-03-16T00:00:00Z,Severe acute respiratory syndrome-related coronavirus,29829,"USA: CA, San Diego County",Homo sapiens,,2020-03-11
MT192772,2020-03-16T00:00:00Z,Severe acute respiratory syndrome-related coronavirus,29891,Viet Nam: Ho Chi Minh city,Homo sapiens,,2020-01-22
MT192759,2020-03-16T00:00:00Z,Severe acute respiratory syndrome-related coronavirus,29862,Taiwan,Homo sapiens,"lung, oronasopharynx",2020-01-25
MT188340,2020-03-13T00:00:00Z,Severe acute respiratory syndrome-related coronavirus,29845,USA: MN,Homo sapiens,,2020-03-07
MT188339,2020-03-13T00:00:00Z,Severe acute respiratory syndrome-related coronavirus,29783,USA: MN,Homo sapiens,,2020-03-09
MT188341,2020-03-13T00:00:00Z,Severe acute respiratory syndrome-related coronavirus,29835,USA: MN,Homo sapiens,,2020-03-05
MT184908,2020-03-12T00:00:00Z,Severe acute respiratory syndrome-related coronavirus,29880,USA,Homo sapiens,oronasopharynx,2020-02-21
MT184909,2020-03-12T00:00:00Z,Severe acute respiratory syndrome-related coronavirus,29882,USA,Homo sapiens,oronasopharynx,2020-02-21
MT184910,2020-03-12T00:00:00Z,Severe acute respiratory syndrome-related coronavirus,29882,USA,Homo sapiens,oronasopharynx,2020-02-18
MT184907,2020-03-12T00:00:00Z,Severe acute respiratory syndrome-related coronavirus,29882,USA,Homo sapiens,oronasopharynx,2020-02-18
MT184911,2020-03-12T00:00:00Z,Severe acute respiratory syndrome-related coronavirus,29882,USA,Homo sapiens,oronasopharynx,2020-02-17
MT184913,2020-03-12T00:00:00Z,Severe acute respiratory syndrome-related coronavirus,29882,USA,Homo sapiens,oronasopharynx,2020-02-24
MT184912,2020-03-12T00:00:00Z,Severe acute respiratory syndrome-related coronavirus,29882,USA,Homo sapiens,oronasopharynx,2020-02-17
MT163719,2020-03-10T00:00:00Z,Severe acute respiratory syndrome-related coronavirus,29903,USA: WA,Homo sapiens,,2020-03-01
MT163716,2020-03-10T00:00:00Z,Severe acute respiratory syndrome-related coronavirus,29903,USA: WA,Homo sapiens,,2020-02-27
MT163717,2020-03-10T00:00:00Z,Severe acute respiratory syndrome-related coronavirus,29897,USA: WA,Homo sapiens,,2020-02-28
MT163718,2020-03-10T00:00:00Z,Severe acute respiratory syndrome-related coronavirus,29903,USA: WA,Homo sapiens,,2020-02-29
MT159705,2020-03-09T00:00:00Z,Severe acute respiratory syndrome-related coronavirus,29882,USA,Homo sapiens,oronasopharynx,2020-02-17
MT159722,2020-03-09T00:00:00Z,Severe acute respiratory syndrome-related coronavirus,29882,USA,Homo sapiens,oronasopharynx,2020-02-21
MT159710,2020-03-09T00:00:00Z,Severe acute respiratory syndrome-related coronavirus,29882,USA,Homo sapiens,oronasopharynx,2020-02-17
MT159715,2020-03-09T00:00:00Z,Severe acute respiratory syndrome-related coronavirus,29882,USA,Homo sapiens,oronasopharynx,2020-02-24
MT159716,2020-03-09T00:00:00Z,Severe acute respiratory syndrome-related coronavirus,29867,USA,Homo sapiens,oronasopharynx,2020-02-24
MT159711,2020-03-09T00:00:00Z,Severe acute respiratory syndrome-related coronavirus,29882,USA,Homo sapiens,oronasopharynx,2020-02-20
MT159712,2020-03-09T00:00:00Z,Severe acute respiratory syndrome-related coronavirus,29882,USA,Homo sapiens,oronasopharynx,2020-02-25
MT159717,2020-03-09T00:00:00Z,Severe acute respiratory syndrome-related coronavirus,29882,USA,Homo sapiens,oronasopharynx,2020-02-17
MT159719,2020-03-09T00:00:00Z,Severe acute respiratory syndrome-related coronavirus,29882,USA,Homo sapiens,oronasopharynx,2020-02-18
MT159720,2020-03-09T00:00:00Z,Severe acute respiratory syndrome-related coronavirus,29882,USA,Homo sapiens,oronasopharynx,2020-02-21
MT159709,2020-03-09T00:00:00Z,Severe acute respiratory syndrome-related coronavirus,29882,USA,Homo sapiens,oronasopharynx,2020-02-20
MT159718,2020-03-09T00:00:00Z,Severe acute respiratory syndrome-related coronavirus,29882,USA,Homo sapiens,oronasopharynx,2020-02-18
MT159721,2020-03-09T00:00:00Z,Severe acute respiratory syndrome-related coronavirus,29882,USA,Homo sapiens,oronasopharynx,2020-02-21
MT159708,2020-03-09T00:00:00Z,Severe acute respiratory syndrome-related coronavirus,29882,USA,Homo sapiens,oronasopharynx,2020-02-17
MT159714,2020-03-09T00:00:00Z,Severe acute respiratory syndrome-related coronavirus,29882,USA,Homo sapiens,oronasopharynx,2020-02-18
MT159707,2020-03-09T00:00:00Z,Severe acute respiratory syndrome-related coronavirus,29882,USA,Homo sapiens,oronasopharynx,2020-02-17
MT159706,2020-03-09T00:00:00Z,Severe acute respiratory syndrome-related coronavirus,29882,USA,Homo sapiens,oronasopharynx,2020-02-17
MT159713,2020-03-09T00:00:00Z,Severe acute respiratory syndrome-related coronavirus,29882,USA,Homo sapiens,oronasopharynx,2020-02-18
MT121215,2020-03-09T00:00:00Z,Severe acute respiratory syndrome-related coronavirus,29945,China: Shanghai,Homo sapiens,oronasopharynx,2020-02-02
MT012098,2020-03-06T00:00:00Z,Severe acute respiratory syndrome-related coronavirus,29854,India: Kerala State,Homo sapiens,oronasopharynx,2020-01-27
MT050493,2020-03-06T00:00:00Z,Severe acute respiratory syndrome-related coronavirus,29851,India: Kerala State,Homo sapiens,oronasopharynx,2020-01-31
MT152824,2020-03-05T00:00:00Z,Severe acute respiratory syndrome-related coronavirus,29878,"USA: Snohomish County, WA",Homo sapiens,,2020-02-24
MT135042,2020-03-04T00:00:00Z,Severe acute respiratory syndrome-related coronavirus,29903,China: Beijing,Homo sapiens,,2020-01-28
MT135041,2020-03-04T00:00:00Z,Severe acute respiratory syndrome-related coronavirus,29903,China: Beijing,Homo sapiens,,2020-01-26
MT135043,2020-03-04T00:00:00Z,Severe acute respiratory syndrome-related coronavirus,29903,China: Beijing,Homo sapiens,,2020-01-28
MT135044,2020-03-04T00:00:00Z,Severe acute respiratory syndrome-related coronavirus,29903,China: Beijing,Homo sapiens,,2020-01-28
MT126808,2020-03-02T00:00:00Z,Severe acute respiratory syndrome-related coronavirus,29876,Brazil,Homo sapiens,oronasopharynx,2020-02-28
MT123290,2020-02-28T00:00:00Z,Severe acute respiratory syndrome-related coronavirus,29891,"China: Guangdong, Guangzhou",Homo sapiens,oronasopharynx,2020-02-05
MT123293,2020-02-28T00:00:00Z,Severe acute respiratory syndrome-related coronavirus,29871,China: Guangzhou,Homo sapiens,feces,2020-01-29
MT123292,2020-02-28T00:00:00Z,Severe acute respiratory syndrome-related coronavirus,29923,China: Guangzhou,Homo sapiens,"lung, oronasopharynx",2020-01-27
MT123291,2020-02-28T00:00:00Z,Severe acute respiratory syndrome-related coronavirus,29882,China: Guangzhou,Homo sapiens,lung,2020-01-29
MT118835,2020-02-27T00:00:00Z,Severe acute respiratory syndrome-related coronavirus,29882,USA: CA,Homo sapiens,lung,2020-02-23
MT106053,2020-02-24T00:00:00Z,Severe acute respiratory syndrome-related coronavirus,29882,USA: CA,Homo sapiens,oronasopharynx,2020-02-10
MT106052,2020-02-24T00:00:00Z,Severe acute respiratory syndrome-related coronavirus,29882,USA: CA,Homo sapiens,oronasopharynx,2020-02-06
MT106054,2020-02-24T00:00:00Z,Severe acute respiratory syndrome-related coronavirus,29882,USA: TX,Homo sapiens,"lung, oronasopharynx",2020-02-11
MT093571,2020-02-21T00:00:00Z,Severe acute respiratory syndrome-related coronavirus,29886,Sweden,Homo sapiens,,2020-02-07
MT093631,2020-02-21T00:00:00Z,Severe acute respiratory syndrome-related coronavirus,29860,China,Homo sapiens,oronasopharynx,2020-01-08
MT072688,2020-02-18T00:00:00Z,Severe acute respiratory syndrome-related coronavirus,29811,Nepal,Homo sapiens,oronasopharynx,2020-01-13
MT066175,2020-02-14T00:00:00Z,Severe acute respiratory syndrome-related coronavirus,29870,Taiwan,Homo sapiens,,2020-01-31
MT066176,2020-02-14T00:00:00Z,Severe acute respiratory syndrome-related coronavirus,29870,Taiwan,Homo sapiens,,2020-02-05
MT044257,2020-02-12T00:00:00Z,Severe acute respiratory syndrome-related coronavirus,29882,USA: IL,Homo sapiens,"lung, oronasopharynx",2020-01-28
MT044258,2020-02-12T00:00:00Z,Severe acute respiratory syndrome-related coronavirus,29858,USA: CA,Homo sapiens,oronasopharynx,2020-01-27
MT049951,2020-02-12T00:00:00Z,Severe acute respiratory syndrome-related coronavirus,29903,China: Yunnan,Homo sapiens,"lung, oronasopharynx",2020-01-17
MT039890,2020-02-11T00:00:00Z,Severe acute respiratory syndrome-related coronavirus,29903,South Korea,Homo sapiens,,2020-01
MT039887,2020-02-11T00:00:00Z,Severe acute respiratory syndrome-related coronavirus,29879,USA: WI,Homo sapiens,oronasopharynx,2020-01-31
MT039873,2020-02-11T00:00:00Z,Severe acute respiratory syndrome-related coronavirus,29833,China: Hangzhou,Homo sapiens,"lung, oronasopharynx",2020-01-20
MT039888,2020-02-11T00:00:00Z,Severe acute respiratory syndrome-related coronavirus,29882,USA: MA,Homo sapiens,oronasopharynx,2020-01-29
MT027063,2020-02-07T00:00:00Z,Severe acute respiratory syndrome-related coronavirus,29882,USA: CA,Homo sapiens,oronasopharynx,2020-01-29
MT027064,2020-02-07T00:00:00Z,Severe acute respiratory syndrome-related coronavirus,29882,USA: CA,Homo sapiens,oronasopharynx,2020-01-29
MT027062,2020-02-07T00:00:00Z,Severe acute respiratory syndrome-related coronavirus,29882,USA: CA,Homo sapiens,oronasopharynx,2020-01-29
MT020881,2020-02-05T00:00:00Z,Severe acute respiratory syndrome-related coronavirus,29882,USA: WA,Homo sapiens,oronasopharynx,2020-01-25
MT019533,2020-02-05T00:00:00Z,Severe acute respiratory syndrome-related coronavirus,29883,"China: Hubei, Wuhan",Homo sapiens,lung,2020-01-01
MT019531,2020-02-05T00:00:00Z,Severe acute respiratory syndrome-related coronavirus,29899,"China: Hubei, Wuhan",Homo sapiens,lung,2019-12-30
MT019532,2020-02-05T00:00:00Z,Severe acute respiratory syndrome-related coronavirus,29890,"China: Hubei, Wuhan",Homo sapiens,lung,2019-12-30
MT019530,2020-02-05T00:00:00Z,Severe acute respiratory syndrome-related coronavirus,29889,"China: Hubei, Wuhan",Homo sapiens,lung,2019-12-30
MT019529,2020-02-05T00:00:00Z,Severe acute respiratory syndrome-related coronavirus,29899,"China: Hubei, Wuhan",Homo sapiens,lung,2019-12-23
MT020880,2020-02-05T00:00:00Z,Severe acute respiratory syndrome-related coronavirus,29882,USA: WA,Homo sapiens,oronasopharynx,2020-01-25
MT007544,2020-01-31T00:00:00Z,Severe acute respiratory syndrome-related coronavirus,29893,Australia: Victoria,Homo sapiens,,2020-01-25
MN996527,2020-01-29T00:00:00Z,Severe acute respiratory syndrome-related coronavirus,29825,China: Wuhan,Homo sapiens,lung,2019-12-30
MN996528,2020-01-29T00:00:00Z,Severe acute respiratory syndrome-related coronavirus,29891,China: Wuhan,Homo sapiens,lung,2019-12-30
MN996529,2020-01-29T00:00:00Z,Severe acute respiratory syndrome-related coronavirus,29852,China: Wuhan,Homo sapiens,lung,2019-12-30
MN996530,2020-01-29T00:00:00Z,Severe acute respiratory syndrome-related coronavirus,29854,China: Wuhan,Homo sapiens,lung,2019-12-30
MN996531,2020-01-29T00:00:00Z,Severe acute respiratory syndrome-related coronavirus,29857,China: Wuhan,Homo sapiens,lung,2019-12-30
MN988669,2020-01-28T00:00:00Z,Severe acute respiratory syndrome-related coronavirus,29881,China,Homo sapiens,,2020-01-02
MN994467,2020-01-28T00:00:00Z,Severe acute respiratory syndrome-related coronavirus,29882,USA: CA,Homo sapiens,oronasopharynx,2020-01-23
MN994468,2020-01-28T00:00:00Z,Severe acute respiratory syndrome-related coronavirus,29883,USA: CA,Homo sapiens,oronasopharynx,2020-01-22
MN997409,2020-01-28T00:00:00Z,Severe acute respiratory syndrome-related coronavirus,29882,USA: AZ,Homo sapiens,feces,2020-01-22
MN988668,2020-01-28T00:00:00Z,Severe acute respiratory syndrome-related coronavirus,29881,China,Homo sapiens,,2020-01-02
MN988713,2020-01-25T00:00:00Z,Severe acute respiratory syndrome-related coronavirus,29882,USA: Illinois,Homo sapiens,"lung, oronasopharynx",2020-01-21
MN975262,2020-01-24T00:00:00Z,Severe acute respiratory syndrome-related coronavirus,29891,China,Homo sapiens,"lung, oronasopharynx",2020-01-11
MN938384,2020-01-24T00:00:00Z,Severe acute respiratory syndrome-related coronavirus,29838,China: Shenzhen,Homo sapiens,oronasopharynx,2020-01-10
MN985325,2020-01-24T00:00:00Z,Severe acute respiratory syndrome-related coronavirus,29882,USA,Homo sapiens,oronasopharynx,2020-01-19
MN908947,2020-01-12T00:00:00Z,Severe acute respiratory syndrome-related coronavirus,29903,China,Homo sapiens,,2019-12
